"GENE","EVENT","COORD","deltapsi","Pdiff","Fstat","FDR"
"Hgh1","MmuINT0025852","chr15:76370254-76370331",0.423245787919903,0.964,2.79057211328014,0
"Cdc25c","MmuINT0032760","chr18:34750964-34751113",0.372796123575371,0.973333333333333,2.80090139429638,0
"Dnah11","MmuINT0050724","chr12:118157398-118177480",-0.362792823917453,0.954,2.6142009464341,0.04
"Gm15941","MmuINT1013881","chr15:37427466-37432413",0.339383857697164,0.987333333333333,2.72023919987774,0.02
"Eif4enif1","MmuINT0056538","chr11:3203327-3203629",-0.182270615226486,0.984,2.94373164979512,0.01
"Ambra1","MmuINT1004226","chr2:91772438-91772710",-0.131862525013849,0.958666666666667,2.24468378509507,0.02
"Kif17","MmuINT0086785","chr4:138291599-138292113",0.0351323841746241,0.959333333333333,2.39784458213555,0.01
"Fbxw16","MmuINT0063480","chr9:109436292-109436579",-0.0139512006141007,0.954,1.88702499656309,0
