"GENE","EVENT","COORD","deltapsi","Pdiff","Fstat","FDR","appears_in_10mm_control"
"Gm11426","MmuALTA1041360-2/2","chr11:82633576-82633701",-0.223424448883211,0.982,2.72490608607999,0,FALSE
"Gm11426","MmuALTA1041360-1/2","chr11:82633610-82633701",0.223424448883211,0.982,2.72490608607999,0,FALSE
"Git2","MmuALTD0005925-2/2","chr5:114743731-114743868",0.0982791451199208,0.952,2.66388827614171,0.04,FALSE
"Git2","MmuALTD0005925-1/2","chr5:114743776-114743868",-0.0982791451199207,0.952,2.66388827614171,0.04,FALSE
"Lipt1","MmuALTD0007789-3/5","chr1:37872562-37872645",-0.0900738599329776,0.960666666666667,2.16771983974165,0.01,FALSE
"Npm2","MmuALTA1035557-2/4","chr14:70652532-70652695",-0.0465656230063092,0.952,2.35883332070798,0,FALSE
"Npm2","MmuALTA1035557-3/4","chr14:70652532-70652711",0.0410718456688363,0.954666666666667,2.4181453759408,0,FALSE
