"GENE","EVENT","COORD","deltapsi","Pdiff","Fstat","FDR","appears_in_10mm_control"
"Dbndd1","MmuINT1008329","chr8:123505686-123509841",0.418763240154235,0.97,2.47353162647975,0.02,FALSE
"Mib2","MmuINT0098602","chr4:155657523-155657597",0.245923140281923,0.976,2.77465522440436,0,FALSE
"Ambra1","MmuINT1004226","chr2:91772438-91772710",-0.166303787421401,0.966666666666667,2.31210740115514,0,TRUE
"Paqr6","MmuINT0115213","chr3:88365803-88365881",-0.16031055885864,0.960666666666667,2.60408124982122,0.03,FALSE
"Rubcn","MmuINT0001159","chr16:32838354-32842997",-0.086985617185711,0.961333333333333,2.41604489879019,0,FALSE
